"Longitude (x)","Latitude (y)","Station Name","Climate ID","Date/Time","Year","Month","Day","Data Quality","Max Temp (°C)","Max Temp Flag","Min Temp (°C)","Min Temp Flag","Mean Temp (°C)","Mean Temp Flag","Heat Deg Days (°C)","Heat Deg Days Flag","Cool Deg Days (°C)","Cool Deg Days Flag","Total Rain (mm)","Total Rain Flag","Total Snow (cm)","Total Snow Flag","Total Precip (mm)","Total Precip Flag","Snow on Grnd (cm)","Snow on Grnd Flag","Dir of Max Gust (10s deg)","Dir of Max Gust Flag","Spd of Max Gust (km/h)","Spd of Max Gust Flag"
"-78.88","43.92","OSHAWA","6155875","2022-01-01","2022","01","01","","4.3","","-3.1","","0.6","","17.4","","0.0","","","","","","0.0","","","","34","","41",""
"-78.88","43.92","OSHAWA","6155875","2022-01-02","2022","01","02","","-3.1","","-13.8","","-8.5","","26.5","","0.0","","","","","","0.0","","","","34","","54",""
"-78.88","43.92","OSHAWA","6155875","2022-01-03","2022","01","03","","-7.8","","-17.0","","-12.4","","30.4","","0.0","","","","","","0.0","","","","","M","","M"
"-78.88","43.92","OSHAWA","6155875","2022-01-04","2022","01","04","","1.9","","-14.2","","-6.2","","24.2","","0.0","","","","","","0.6","","","","21","","37",""
"-78.88","43.92","OSHAWA","6155875","2022-01-05","2022","01","05","","4.6","","-4.7","","-0.1","","18.1","","0.0","","","","","","0.4","","","","21","","58",""
"-78.88","43.92","OSHAWA","6155875","2022-01-06","2022","01","06","","-2.1","","-6.1","","-4.1","","22.1","","0.0","","","","","","0.0","","","","25","","42",""
"-78.88","43.92","OSHAWA","6155875","2022-01-07","2022","01","07","","-5.5","","-15.6","","-10.6","","28.6","","0.0","","","","","","0.0","","","","32","","52",""
"-78.88","43.92","OSHAWA","6155875","2022-01-08","2022","01","08","","1.4","","-17.0","","-7.8","","25.8","","0.0","","","","","","0.0","","","","13","","33",""
"-78.88","43.92","OSHAWA","6155875","2022-01-09","2022","01","09","","3.8","","-7.2","","-1.7","","19.7","","0.0","","","","","","0.2","","","","28","","63",""
"-78.88","43.92","OSHAWA","6155875","2022-01-10","2022","01","10","","-6.2","","-20.3","","-13.3","","31.3","","0.0","","","","","","0.0","","","","25","","55",""
"-78.88","43.92","OSHAWA","6155875","2022-01-11","2022","01","11","","-1.8","","-23.9","","-12.9","","30.9","","0.0","","","","","","0.0","","","","22","","50",""
"-78.88","43.92","OSHAWA","6155875","2022-01-12","2022","01","12","","1.5","","-1.8","","-0.2","","18.2","","0.0","","","","","","0.0","","","","22","","48",""
"-78.88","43.92","OSHAWA","6155875","2022-01-13","2022","01","13","","1.0","","-2.9","","-1.0","","19.0","","0.0","","","","","","0.0","","","","","M","","M"
"-78.88","43.92","OSHAWA","6155875","2022-01-14","2022","01","14","","-2.7","","-20.0","","-11.4","","29.4","","0.0","","","","","","0.0","","","","35","","42",""
"-78.88","43.92","OSHAWA","6155875","2022-01-15","2022","01","15","","-13.5","","-22.3","","-17.9","","35.9","","0.0","","","","","","0.0","","","","1","","42",""
"-78.88","43.92","OSHAWA","6155875","2022-01-16","2022","01","16","","-0.6","","-14.3","","-7.5","","25.5","","0.0","","","","","","0.0","","","","10","","42",""
"-78.88","43.92","OSHAWA","6155875","2022-01-17","2022","01","17","","-3.2","","-6.1","","-4.7","","22.7","","0.0","","","","","","0.0","","","","32","","61",""
"-78.88","43.92","OSHAWA","6155875","2022-01-18","2022","01","18","","-1.3","","-13.8","","-7.6","","25.6","","0.0","","","","","","0.0","","","","16","","35",""
"-78.88","43.92","OSHAWA","6155875","2022-01-19","2022","01","19","","4.6","","-10.5","","-3.0","","21.0","","0.0","","","","","","4.2","","","","25","","52",""
"-78.88","43.92","OSHAWA","6155875","2022-01-20","2022","01","20","","-10.5","","-22.8","","-16.7","","34.7","","0.0","","","","","","0.0","","","","33","","46",""
"-78.88","43.92","OSHAWA","6155875","2022-01-21","2022","01","21","","-10.7","","-26.0","","-18.4","","36.4","","0.0","","","","","","0.0","","","","","M","","M"
"-78.88","43.92","OSHAWA","6155875","2022-01-22","2022","01","22","","-4.1","","-17.8","","-11.0","","29.0","","0.0","","","","","","0.0","","","","22","","48",""
"-78.88","43.92","OSHAWA","6155875","2022-01-23","2022","01","23","","-4.9","","-21.6","","-13.3","","31.3","","0.0","","","","","","0.0","","","","33","","41",""
"-78.88","43.92","OSHAWA","6155875","2022-01-24","2022","01","24","","-5.7","","-24.4","","-15.1","","33.1","","0.0","","","","","","0.0","","","","19","","32",""
"-78.88","43.92","OSHAWA","6155875","2022-01-25","2022","01","25","","-7.1","","-25.4","","-16.3","","34.3","","0.0","","","","","","0.0","","","","33","","35",""
"-78.88","43.92","OSHAWA","6155875","2022-01-26","2022","01","26","","-10.1","","-24.4","","-17.3","","35.3","","0.0","","","","","","0.0","","","","","M","","M"
"-78.88","43.92","OSHAWA","6155875","2022-01-27","2022","01","27","","-3.5","","-10.1","","-6.8","","24.8","","0.0","","","","","","0.0","","","","21","","61",""
"-78.88","43.92","OSHAWA","6155875","2022-01-28","2022","01","28","","-4.2","","-21.2","","-12.7","","30.7","","0.0","","","","","","0.0","","","","34","","46",""
"-78.88","43.92","OSHAWA","6155875","2022-01-29","2022","01","29","","-11.8","","-25.5","","-18.7","","36.7","","0.0","","","","","","0.0","","","","","M","","M"
"-78.88","43.92","OSHAWA","6155875","2022-01-30","2022","01","30","","-5.4","","-18.6","","-12.0","","30.0","","0.0","","","","","","0.0","","","","","M","","M"
"-78.88","43.92","OSHAWA","6155875","2022-01-31","2022","01","31","","-1.0","","-11.9","","-6.5","","24.5","","0.0","","","","","","1.5","","","","","M","","M"
"-78.88","43.92","OSHAWA","6155875","2022-02-01","2022","02","01","","3.7","","-10.4","","-3.4","","21.4","","0.0","","","","","","0.6","","","","","M","","M"
"-78.88","43.92","OSHAWA","6155875","2022-02-02","2022","02","02","","4.2","","-3.0","","0.6","","17.4","","0.0","","","","","","8.3","","","","35","","45",""
"-78.88","43.92","OSHAWA","6155875","2022-02-03","2022","02","03","","-3.0","","-10.9","","-7.0","","25.0","","0.0","","","","","","0.0","","","","34","","41",""
"-78.88","43.92","OSHAWA","6155875","2022-02-04","2022","02","04","","-10.9","","-15.7","","-13.3","","31.3","","0.0","","","","","","0.0","","","","1","","37",""
"-78.88","43.92","OSHAWA","6155875","2022-02-05","2022","02","05","","-9.6","","-18.3","","-14.0","","32.0","","0.0","","","","","","0.0","","","","34","","32",""
"-78.88","43.92","OSHAWA","6155875","2022-02-06","2022","02","06","","0.0","","-9.2","","-4.6","","22.6","","0.0","","","","","","0.0","","","","22","","52",""
"-78.88","43.92","OSHAWA","6155875","2022-02-07","2022","02","07","","2.3","","-8.9","","-3.3","","21.3","","0.0","","","","","","0.0","","","","20","","32",""
"-78.88","43.92","OSHAWA","6155875","2022-02-08","2022","02","08","","-0.4","","-10.1","","-5.3","","23.3","","0.0","","","","","","0.0","","","","27","","37",""
"-78.88","43.92","OSHAWA","6155875","2022-02-09","2022","02","09","","4.6","","-10.7","","-3.1","","21.1","","0.0","","","","","","0.0","","","","21","","45",""
"-78.88","43.92","OSHAWA","6155875","2022-02-10","2022","02","10","","3.1","","-0.7","","1.2","","16.8","","0.0","","","","","","0.2","","","","27","","45",""
"-78.88","43.92","OSHAWA","6155875","2022-02-11","2022","02","11","","3.3","","-0.5","","1.4","","16.6","","0.0","","","","","","4.3","","","","22","","58",""
"-78.88","43.92","OSHAWA","6155875","2022-02-12","2022","02","12","","2.3","","-16.8","","-7.3","","25.3","","0.0","","","","","","0.0","","","","29","","55",""
"-78.88","43.92","OSHAWA","6155875","2022-02-13","2022","02","13","","-10.7","","-19.7","","-15.2","","33.2","","0.0","","","","","","0.0","","","","","M","","M"
"-78.88","43.92","OSHAWA","6155875","2022-02-14","2022","02","14","","-11.0","","-19.6","","-15.3","","33.3","","0.0","","","","","","0.0","","","","30","","35",""
"-78.88","43.92","OSHAWA","6155875","2022-02-15","2022","02","15","","-2.8","","-16.5","","-9.7","","27.7","","0.0","","","","","","0.0","","","","12","","37",""
"-78.88","43.92","OSHAWA","6155875","2022-02-16","2022","02","16","","8.2","","-2.7","","2.8","","15.2","","0.0","","","","","","0.8","","","","21","","52",""
"-78.88","43.92","OSHAWA","6155875","2022-02-17","2022","02","17","","6.9","","-4.6","","1.2","","16.8","","0.0","","","","","","29.0","","","","36","","55",""
"-78.88","43.92","OSHAWA","6155875","2022-02-18","2022","02","18","","-3.0","","-12.8","","-7.9","","25.9","","0.0","","","","","","0.0","","","","20","","61",""
"-78.88","43.92","OSHAWA","6155875","2022-02-19","2022","02","19","","-1.6","","-15.0","","-8.3","","26.3","","0.0","","","","","","0.0","","","","31","","76",""
"-78.88","43.92","OSHAWA","6155875","2022-02-20","2022","02","20","","6.5","","-14.7","","-4.1","","22.1","","0.0","","","","","","0.2","","","","21","","67",""
"-78.88","43.92","OSHAWA","6155875","2022-02-21","2022","02","21","","5.2","","-1.1","","2.1","","15.9","","0.0","","","","","","0.0","","","","35","","32",""
"-78.88","43.92","OSHAWA","6155875","2022-02-22","2022","02","22","","4.5","","-1.2","","1.7","","16.3","","0.0","","","","","","9.5","","","","","M","","M"
"-78.88","43.92","OSHAWA","6155875","2022-02-23","2022","02","23","","6.8","","-11.2","","-2.2","","20.2","","0.0","","","","","","0.2","","","","26","","67",""
"-78.88","43.92","OSHAWA","6155875","2022-02-24","2022","02","24","","-5.4","","-13.0","","-9.2","","27.2","","0.0","","","","","","0.0","","","","7","","35",""
"-78.88","43.92","OSHAWA","6155875","2022-02-25","2022","02","25","","-6.3","","-14.4","","-10.4","","28.4","","0.0","","","","","","0.0","","","","36","","52",""
"-78.88","43.92","OSHAWA","6155875","2022-02-26","2022","02","26","","-2.0","","-17.3","","-9.7","","27.7","","0.0","","","","","","0.0","","","","22","","42",""
"-78.88","43.92","OSHAWA","6155875","2022-02-27","2022","02","27","","-0.4","","-10.1","","-5.3","","23.3","","0.0","","","","","","0.0","","","","30","","61",""
"-78.88","43.92","OSHAWA","6155875","2022-02-28","2022","02","28","","-5.9","","-17.0","","-11.5","","29.5","","0.0","","","","","","0.0","","","","8","","32",""
"-78.88","43.92","OSHAWA","6155875","2022-03-01","2022","03","01","","2.6","","-6.2","","-1.8","","19.8","","0.0","","","","","","0.0","","","","9","","42",""
"-78.88","43.92","OSHAWA","6155875","2022-03-02","2022","03","02","","2.2","","-6.0","","-1.9","","19.9","","0.0","","","","","","0.0","","","","30","","58",""
"-78.88","43.92","OSHAWA","6155875","2022-03-03","2022","03","03","","-5.3","","-15.5","","-10.4","","28.4","","0.0","","","","","","0.0","","","","32","","59",""
"-78.88","43.92","OSHAWA","6155875","2022-03-04","2022","03","04","","0.8","","-15.9","","-7.6","","25.6","","0.0","","","","","","0.0","","","","27","","42",""
"-78.88","43.92","OSHAWA","6155875","2022-03-05","2022","03","05","","3.6","","-7.4","","-1.9","","19.9","","0.0","","","","","","0.0","","","","10","","50",""
"-78.88","43.92","OSHAWA","6155875","2022-03-06","2022","03","06","","15.8","","1.8","","8.8","","9.2","","0.0","","","","","","3.3","","","","22","","68",""
"-78.88","43.92","OSHAWA","6155875","2022-03-07","2022","03","07","","3.1","","-2.8","","0.2","","17.8","","0.0","","","","","","4.0","","","","30","","52",""
"-78.88","43.92","OSHAWA","6155875","2022-03-08","2022","03","08","","1.5","","-4.6","","-1.6","","19.6","","0.0","","","","","","0.4","","","","25","","32",""
"-78.88","43.92","OSHAWA","6155875","2022-03-09","2022","03","09","","3.7","","-5.5","","-0.9","","18.9","","0.0","","","","","","0.0","","","","","M","","M"
"-78.88","43.92","OSHAWA","6155875","2022-03-10","2022","03","10","","3.0","","-4.8","","-0.9","","18.9","","0.0","","","","","","0.0","","","","","M","","M"
"-78.88","43.92","OSHAWA","6155875","2022-03-11","2022","03","11","","-0.8","","-3.5","","-2.2","","20.2","","0.0","","","","","","0.6","","","","26","","37",""
"-78.88","43.92","OSHAWA","6155875","2022-03-12","2022","03","12","","-3.5","","-10.8","","-7.2","","25.2","","0.0","","","","","","0.0","","","","29","","68",""
"-78.88","43.92","OSHAWA","6155875","2022-03-13","2022","03","13","","-0.4","","-12.0","","-6.2","","24.2","","0.0","","","","","","0.0","","","","20","","48",""
"-78.88","43.92","OSHAWA","6155875","2022-03-14","2022","03","14","","4.7","","-8.7","","-2.0","","20.0","","0.0","","","","","","0.4","","","","","M","","M"
"-78.88","43.92","OSHAWA","6155875","2022-03-15","2022","03","15","","1.6","","0.2","","0.9","","17.1","","0.0","","","","","","6.8","","","","","M","","M"
"-78.88","43.92","OSHAWA","6155875","2022-03-16","2022","03","16","","2.1","","-0.3","","0.9","","17.1","","0.0","","","","","","0.0","","","","","M","","M"
"-78.88","43.92","OSHAWA","6155875","2022-03-17","2022","03","17","","15.0","","-1.9","","6.6","","11.4","","0.0","","","","","","0.0","","","","","M","","M"
"-78.88","43.92","OSHAWA","6155875","2022-03-18","2022","03","18","","13.3","","3.0","","8.2","","9.8","","0.0","","","","","","0.0","","","","","M","","M"
"-78.88","43.92","OSHAWA","6155875","2022-03-19","2022","03","19","","8.5","","4.3","","6.4","","11.6","","0.0","","","","","","6.5","","","","26","","37",""
"-78.88","43.92","OSHAWA","6155875","2022-03-20","2022","03","20","","9.7","","0.5","","5.1","","12.9","","0.0","","","","","","0.2","","","","30","","42",""
"-78.88","43.92","OSHAWA","6155875","2022-03-21","2022","03","21","","10.6","","-2.1","","4.3","","13.7","","0.0","","","","","","0.0","","","","30","","48",""
"-78.88","43.92","OSHAWA","6155875","2022-03-22","2022","03","22","","5.8","","-5.2","","0.3","","17.7","","0.0","","","","","","0.0","","","","","M","","M"
"-78.88","43.92","OSHAWA","6155875","2022-03-23","2022","03","23","","4.6","","0.6","","2.6","","15.4","","0.0","","","","","","16.4","","","","11","","68",""
"-78.88","43.92","OSHAWA","6155875","2022-03-24","2022","03","24","","11.6","","3.4","","7.5","","10.5","","0.0","","","","","","0.0","","","","9","","48",""
"-78.88","43.92","OSHAWA","6155875","2022-03-25","2022","03","25","","5.8","","2.4","","4.1","","13.9","","0.0","","","","","","0.2","","","","28","","35",""
"-78.88","43.92","OSHAWA","6155875","2022-03-26","2022","03","26","","6.8","","-2.0","","2.4","","15.6","","0.0","","","","","","3.8","","","","31","","52",""
"-78.88","43.92","OSHAWA","6155875","2022-03-27","2022","03","27","","-0.2","","-8.9","","-4.6","","22.6","","0.0","","","","","","0.0","","","","30","","63",""
"-78.88","43.92","OSHAWA","6155875","2022-03-28","2022","03","28","","-5.6","","-11.3","","-8.5","","26.5","","0.0","","","","","","0.0","","","","31","","58",""
"-78.88","43.92","OSHAWA","6155875","2022-03-29","2022","03","29","","1.0","","-9.0","","-4.0","","22.0","","0.0","","","","","","0.0","","","","30","","41",""
"-78.88","43.92","OSHAWA","6155875","2022-03-30","2022","03","30","","4.0","","-7.3","","-1.7","","19.7","","0.0","","","","","","1.3","","","","11","","61",""
"-78.88","43.92","OSHAWA","6155875","2022-03-31","2022","03","31","","15.6","","3.9","","9.8","","8.2","","0.0","","","","","","0.0","","","","21","","68",""
"-78.88","43.92","OSHAWA","6155875","2022-04-01","2022","04","01","","4.2","","-0.3","","2.0","","16.0","","0.0","","","","","","0.2","","","","29","","58",""
"-78.88","43.92","OSHAWA","6155875","2022-04-02","2022","04","02","","5.1","","-3.3","","0.9","","17.1","","0.0","","","","","","0.0","","","","","M","","M"
"-78.88","43.92","OSHAWA","6155875","2022-04-03","2022","04","03","","6.7","","0.0","","3.4","","14.6","","0.0","","","","","","0.0","","","","33","","39",""
"-78.88","43.92","OSHAWA","6155875","2022-04-04","2022","04","04","","7.7","","-1.9","","2.9","","15.1","","0.0","","","","","","0.0","","","","35","","32",""
"-78.88","43.92","OSHAWA","6155875","2022-04-05","2022","04","05","","12.7","","1.9","","7.3","","10.7","","0.0","","","","","","0.0","","","","11","","42",""
"-78.88","43.92","OSHAWA","6155875","2022-04-06","2022","04","06","","13.9","","6.9","","10.4","","7.6","","0.0","","","","","","6.7","","","","11","","59",""
"-78.88","43.92","OSHAWA","6155875","2022-04-07","2022","04","07","","11.2","","5.4","","8.3","","9.7","","0.0","","","","","","3.8","","","","12","","32",""
"-78.88","43.92","OSHAWA","6155875","2022-04-08","2022","04","08","","9.7","","0.9","","5.3","","12.7","","0.0","","","","","","0.0","","","","21","","46",""
"-78.88","43.92","OSHAWA","6155875","2022-04-09","2022","04","09","","7.4","","-0.4","","3.5","","14.5","","0.0","","","","","","6.3","","","","26","","35",""
"-78.88","43.92","OSHAWA","6155875","2022-04-10","2022","04","10","","7.8","","-1.9","","3.0","","15.0","","0.0","","","","","","0.0","","","","31","","50",""
"-78.88","43.92","OSHAWA","6155875","2022-04-11","2022","04","11","","12.0","","-3.6","","4.2","","13.8","","0.0","","","","","","0.7","","","","10","","48",""
"-78.88","43.92","OSHAWA","6155875","2022-04-12","2022","04","12","","14.7","","5.5","","10.1","","7.9","","0.0","","","","","","0.0","","","","21","","32",""
"-78.88","43.92","OSHAWA","6155875","2022-04-13","2022","04","13","","16.6","","6.5","","11.6","","6.4","","0.0","","","","","","3.9","","","","26","","41",""
"-78.88","43.92","OSHAWA","6155875","2022-04-14","2022","04","14","","14.6","","4.9","","9.8","","8.2","","0.0","","","","","","1.0","","","","26","","58",""
"-78.88","43.92","OSHAWA","6155875","2022-04-15","2022","04","15","","12.8","","2.0","","7.4","","10.6","","0.0","","","","","","0.0","","","","22","","80",""
"-78.88","43.92","OSHAWA","6155875","2022-04-16","2022","04","16","","6.7","","-0.4","","3.2","","14.8","","0.0","","","","","","0.0","","","","34","","45",""
"-78.88","43.92","OSHAWA","6155875","2022-04-17","2022","04","17","","8.0","","-2.0","","3.0","","15.0","","0.0","","","","","","0.0","","","","1","","45",""
"-78.88","43.92","OSHAWA","6155875","2022-04-18","2022","04","18","","7.7","","-3.9","","1.9","","16.1","","0.0","","","","","","12.4","","","","12","","59",""
"-78.88","43.92","OSHAWA","6155875","2022-04-19","2022","04","19","","5.8","","1.5","","3.7","","14.3","","0.0","","","","","","1.2","","","","29","","59",""
"-78.88","43.92","OSHAWA","6155875","2022-04-20","2022","04","20","","9.2","","0.8","","5.0","","13.0","","0.0","","","","","","0.0","","","","12","","46",""
"-78.88","43.92","OSHAWA","6155875","2022-04-21","2022","04","21","","15.5","","4.8","","10.2","","7.8","","0.0","","","","","","5.7","","","","34","","55",""
"-78.88","43.92","OSHAWA","6155875","2022-04-22","2022","04","22","","11.6","","0.8","","6.2","","11.8","","0.0","","","","","","0.0","","","","34","","33",""
"-78.88","43.92","OSHAWA","6155875","2022-04-23","2022","04","23","","11.7","","0.4","","6.1","","11.9","","0.0","","","","","","0.0","","","","11","","48",""
"-78.88","43.92","OSHAWA","6155875","2022-04-24","2022","04","24","","17.9","","7.7","","12.8","","5.2","","0.0","","","","","","0.0","","","","9","","37",""
"-78.88","43.92","OSHAWA","6155875","2022-04-25","2022","04","25","","19.6","","9.8","","14.7","","3.3","","0.0","","","","","","7.9","","","","33","","39",""
"-78.88","43.92","OSHAWA","6155875","2022-04-26","2022","04","26","","10.1","","1.9","","6.0","","12.0","","0.0","","","","","","0.0","","","","32","","39",""
"-78.88","43.92","OSHAWA","6155875","2022-04-27","2022","04","27","","4.9","","-1.6","","1.7","","16.3","","0.0","","","","","","0.0","","","","29","","50",""
"-78.88","43.92","OSHAWA","6155875","2022-04-28","2022","04","28","","10.3","","-2.2","","4.1","","13.9","","0.0","","","","","","0.0","","","","31","","42",""
"-78.88","43.92","OSHAWA","6155875","2022-04-29","2022","04","29","","14.6","","-1.3","","6.7","","11.3","","0.0","","","","","","0.0","","","","32","","33",""
"-78.88","43.92","OSHAWA","6155875","2022-04-30","2022","04","30","","13.4","","0.5","","7.0","","11.0","","0.0","","","","","","0.0","","","","","M","","M"
"-78.88","43.92","OSHAWA","6155875","2022-05-01","2022","05","01","","14.6","","1.2","","7.9","","10.1","","0.0","","","","","","1.7","","","","10","","52",""
"-78.88","43.92","OSHAWA","6155875","2022-05-02","2022","05","02","","12.4","","4.6","","8.5","","9.5","","0.0","","","","","","0.4","","","","","M","","M"
"-78.88","43.92","OSHAWA","6155875","2022-05-03","2022","05","03","","13.9","","7.3","","10.6","","7.4","","0.0","","","","","","10.1","","","","6","","32",""
"-78.88","43.92","OSHAWA","6155875","2022-05-04","2022","05","04","","17.9","","7.2","","12.6","","5.4","","0.0","","","","","","3.9","","","","35","","46",""
"-78.88","43.92","OSHAWA","6155875","2022-05-05","2022","05","05","","14.0","","1.9","","8.0","","10.0","","0.0","","","","","","0.0","","","","","M","","M"
"-78.88","43.92","OSHAWA","6155875","2022-05-06","2022","05","06","","17.7","","5.6","","11.7","","6.3","","0.0","","","","","","0.0","","","","7","","37",""
"-78.88","43.92","OSHAWA","6155875","2022-05-07","2022","05","07","","16.9","","3.4","","10.2","","7.8","","0.0","","","","","","0.0","","","","4","","46",""
"-78.88","43.92","OSHAWA","6155875","2022-05-08","2022","05","08","","16.2","","3.9","","10.1","","7.9","","0.0","","","","","","0.0","","","","11","","33",""
"-78.88","43.92","OSHAWA","6155875","2022-05-09","2022","05","09","","20.1","","5.0","","12.6","","5.4","","0.0","","","","","","0.0","","","","12","","37",""
"-78.88","43.92","OSHAWA","6155875","2022-05-10","2022","05","10","","22.5","","9.0","","15.8","","2.2","","0.0","","","","","","0.0","","","","11","","33",""
"-78.88","43.92","OSHAWA","6155875","2022-05-11","2022","05","11","","23.5","","9.3","","16.4","","1.6","","0.0","","","","","","0.0","","","","","M","","M"
"-78.88","43.92","OSHAWA","6155875","2022-05-12","2022","05","12","","26.7","","8.3","","17.5","","0.5","","0.0","","","","","","0.0","","","","","M","","M"
"-78.88","43.92","OSHAWA","6155875","2022-05-13","2022","05","13","","26.0","","12.2","","19.1","","0.0","","1.1","","","","","","0.0","","","","","M","","M"
"-78.88","43.92","OSHAWA","6155875","2022-05-14","2022","05","14","","26.2","","12.7","","19.5","","0.0","","1.5","","","","","","0.0","","","","17","","32",""
"-78.88","43.92","OSHAWA","6155875","2022-05-15","2022","05","15","","26.6","","14.6","","20.6","","0.0","","2.6","","","","","","0.0","","","","35","","37",""
"-78.88","43.92","OSHAWA","6155875","2022-05-16","2022","05","16","","19.2","","9.6","","14.4","","3.6","","0.0","","","","","","8.4","","","","32","","45",""
"-78.88","43.92","OSHAWA","6155875","2022-05-17","2022","05","17","","17.0","","6.8","","11.9","","6.1","","0.0","","","","","","0.0","","","","31","","52",""
"-78.88","43.92","OSHAWA","6155875","2022-05-18","2022","05","18","","14.4","","3.2","","8.8","","9.2","","0.0","","","","","","0.0","","","","","M","","M"
"-78.88","43.92","OSHAWA","6155875","2022-05-19","2022","05","19","","17.9","","6.9","","12.4","","5.6","","0.0","","","","","","9.0","","","","","M","","M"
"-78.88","43.92","OSHAWA","6155875","2022-05-20","2022","05","20","","24.3","","10.1","","17.2","","0.8","","0.0","","","","","","0.0","","","","19","","41",""
"-78.88","43.92","OSHAWA","6155875","2022-05-21","2022","05","21","","27.1","","14.3","","20.7","","0.0","","2.7","","","","","","8.6","","","","27","","89",""
"-78.88","43.92","OSHAWA","6155875","2022-05-22","2022","05","22","","15.9","","7.4","","11.7","","6.3","","0.0","","","","","","0.7","","","","35","","48",""
"-78.88","43.92","OSHAWA","6155875","2022-05-23","2022","05","23","","15.5","","4.4","","10.0","","8.0","","0.0","","","","","","0.0","","","","35","","32",""
"-78.88","43.92","OSHAWA","6155875","2022-05-24","2022","05","24","","18.3","","4.2","","11.3","","6.7","","0.0","","","","","","0.0","","","","","M","","M"
"-78.88","43.92","OSHAWA","6155875","2022-05-25","2022","05","25","","20.8","","8.0","","14.4","","3.6","","0.0","","","","","","0.0","","","","10","","45",""
"-78.88","43.92","OSHAWA","6155875","2022-05-26","2022","05","26","","25.9","","13.8","","19.9","","0.0","","1.9","","","","","","0.2","","","","20","","37",""
"-78.88","43.92","OSHAWA","6155875","2022-05-27","2022","05","27","","20.5","","15.0","","17.8","","0.2","","0.0","","","","","","2.8","","","","","M","","M"
"-78.88","43.92","OSHAWA","6155875","2022-05-28","2022","05","28","","22.1","","13.4","","17.8","","0.2","","0.0","","","","","","1.0","","","","32","","33",""
"-78.88","43.92","OSHAWA","6155875","2022-05-29","2022","05","29","","23.8","","13.5","","18.7","","0.0","","0.7","","","","","","0.0","","","","","M","","M"
"-78.88","43.92","OSHAWA","6155875","2022-05-30","2022","05","30","","27.4","","14.1","","20.8","","0.0","","2.8","","","","","","0.0","","","","22","","35",""
"-78.88","43.92","OSHAWA","6155875","2022-05-31","2022","05","31","","30.5","","15.3","","22.9","","0.0","","4.9","","","","","","0.0","","","","20","","39",""
"-78.88","43.92","OSHAWA","6155875","2022-06-01","2022","06","01","","22.1","","11.1","","16.6","","1.4","","0.0","","","","","","12.3","","","","33","","39",""
"-78.88","43.92","OSHAWA","6155875","2022-06-02","2022","06","02","","20.0","","10.5","","15.3","","2.7","","0.0","","","","","","0.0","","","","","M","","M"
"-78.88","43.92","OSHAWA","6155875","2022-06-03","2022","06","03","","22.8","","7.5","","15.2","","2.8","","0.0","","","","","","0.2","","","","22","","42",""
"-78.88","43.92","OSHAWA","6155875","2022-06-04","2022","06","04","","19.9","","6.8","","13.4","","4.6","","0.0","","","","","","0.0","","","","29","","58",""
"-78.88","43.92","OSHAWA","6155875","2022-06-05","2022","06","05","","22.2","","6.5","","14.4","","3.6","","0.0","","","","","","0.0","","","","22","","32",""
"-78.88","43.92","OSHAWA","6155875","2022-06-06","2022","06","06","","20.7","","12.9","","16.8","","1.2","","0.0","","","","","","5.5","","","","11","","48",""
"-78.88","43.92","OSHAWA","6155875","2022-06-07","2022","06","07","","19.9","","12.0","","16.0","","2.0","","0.0","","","","","","27.0","","","","19","","45",""
"-78.88","43.92","OSHAWA","6155875","2022-06-08","2022","06","08","","21.7","","8.5","","15.1","","2.9","","0.0","","","","","","1.4","","","","20","","33",""
"-78.88","43.92","OSHAWA","6155875","2022-06-09","2022","06","09","","21.7","","12.5","","17.1","","0.9","","0.0","","","","","","8.0","","","","31","","41",""
"-78.88","43.92","OSHAWA","6155875","2022-06-10","2022","06","10","","22.4","","10.8","","16.6","","1.4","","0.0","","","","","","0.0","","","","29","","37",""
"-78.88","43.92","OSHAWA","6155875","2022-06-11","2022","06","11","","22.2","","10.7","","16.5","","1.5","","0.0","","","","","","1.4","","","","30","","42",""
"-78.88","43.92","OSHAWA","6155875","2022-06-12","2022","06","12","","21.0","","12.0","","16.5","","1.5","","0.0","","","","","","3.5","","","","","M","","M"
"-78.88","43.92","OSHAWA","6155875","2022-06-13","2022","06","13","","21.8","","9.4","","15.6","","2.4","","0.0","","","","","","0.0","","","","","M","","M"
"-78.88","43.92","OSHAWA","6155875","2022-06-14","2022","06","14","","23.8","","12.9","","18.4","","0.0","","0.4","","","","","","0.0","","","","","M","","M"
"-78.88","43.92","OSHAWA","6155875","2022-06-15","2022","06","15","","24.5","","12.8","","18.7","","0.0","","0.7","","","","","","1.5","","","","10","","50",""
"-78.88","43.92","OSHAWA","6155875","2022-06-16","2022","06","16","","30.1","","17.8","","24.0","","0.0","","6.0","","","","","","2.0","","","","22","","54",""
"-78.88","43.92","OSHAWA","6155875","2022-06-17","2022","06","17","","25.9","","13.1","","19.5","","0.0","","1.5","","","","","","0.0","","","","32","","65",""
"-78.88","43.92","OSHAWA","6155875","2022-06-18","2022","06","18","","19.6","","9.4","","14.5","","3.5","","0.0","","","","","","0.0","","","","33","","63",""
"-78.88","43.92","OSHAWA","6155875","2022-06-19","2022","06","19","","21.2","","6.7","","14.0","","4.0","","0.0","","","","","","0.0","","","","30","","45",""
"-78.88","43.92","OSHAWA","6155875","2022-06-20","2022","06","20","","22.6","","13.3","","18.0","","0.0","","0.0","","","","","","0.0","","","","20","","32",""
"-78.88","43.92","OSHAWA","6155875","2022-06-21","2022","06","21","","27.8","","15.2","","21.5","","0.0","","3.5","","","","","","0.7","","","","22","","32",""
"-78.88","43.92","OSHAWA","6155875","2022-06-22","2022","06","22","","31.4","","17.1","","24.3","","0.0","","6.3","","","","","","2.5","","","","33","","55",""
"-78.88","43.92","OSHAWA","6155875","2022-06-23","2022","06","23","","27.6","","14.6","","21.1","","0.0","","3.1","","","","","","0.0","","","","31","","39",""
"-78.88","43.92","OSHAWA","6155875","2022-06-24","2022","06","24","","27.1","","14.6","","20.9","","0.0","","2.9","","","","","","0.0","","","","","M","","M"
"-78.88","43.92","OSHAWA","6155875","2022-06-25","2022","06","25","","28.2","","14.2","","21.2","","0.0","","3.2","","","","","","0.0","","","","","M","","M"
"-78.88","43.92","OSHAWA","6155875","2022-06-26","2022","06","26","","","M","","M","","M","","M","","M","","","","","","M","","","32","","45",""
"-78.88","43.92","OSHAWA","6155875","2022-06-27","2022","06","27","","","M","","M","","M","","M","","M","","","","","","M","","","","M","","M"
"-78.88","43.92","OSHAWA","6155875","2022-06-28","2022","06","28","","","M","","M","","M","","M","","M","","","","","","M","","","20","","32",""
"-78.88","43.92","OSHAWA","6155875","2022-06-29","2022","06","29","","","M","","M","","M","","M","","M","","","","","","M","","","","M","","M"
"-78.88","43.92","OSHAWA","6155875","2022-06-30","2022","06","30","","","M","","M","","M","","M","","M","","","","","","M","","","","M","","M"
"-78.88","43.92","OSHAWA","6155875","2022-07-01","2022","07","01","","","M","","M","","M","","M","","M","","","","","","M","","","","M","","M"
"-78.88","43.92","OSHAWA","6155875","2022-07-02","2022","07","02","","28.1","","11.8","","20.0","","0.0","","2.0","","","","","","0.0","","","","30","","50",""
"-78.88","43.92","OSHAWA","6155875","2022-07-03","2022","07","03","","24.2","","9.4","","16.8","","1.2","","0.0","","","","","","0.0","","","","33","","32",""
"-78.88","43.92","OSHAWA","6155875","2022-07-04","2022","07","04","","23.9","","11.1","","17.5","","0.5","","0.0","","","","","","0.0","","","","21","","39",""
"-78.88","43.92","OSHAWA","6155875","2022-07-05","2022","07","05","","22.3","","17.1","","19.7","","0.0","","1.7","","","","","","2.2","","","","31","","39",""
"-78.88","43.92","OSHAWA","6155875","2022-07-06","2022","07","06","","24.1","","14.9","","19.5","","0.0","","1.5","","","","","","0.0","","","","","M","","M"
"-78.88","43.92","OSHAWA","6155875","2022-07-07","2022","07","07","","24.8","","12.5","","18.7","","0.0","","0.7","","","","","","0.0","","","","","M","","M"
"-78.88","43.92","OSHAWA","6155875","2022-07-08","2022","07","08","","25.8","","13.9","","19.9","","0.0","","1.9","","","","","","0.0","","","","34","","35",""
"-78.88","43.92","OSHAWA","6155875","2022-07-09","2022","07","09","","22.0","","10.7","","16.4","","1.6","","0.0","","","","","","0.0","","","","","M","","M"
"-78.88","43.92","OSHAWA","6155875","2022-07-10","2022","07","10","","26.1","","13.8","","20.0","","0.0","","2.0","","","","","","0.0","","","","19","","32",""
"-78.88","43.92","OSHAWA","6155875","2022-07-11","2022","07","11","","27.7","","12.2","","20.0","","0.0","","2.0","","","","","","0.2","","","","19","","48",""
"-78.88","43.92","OSHAWA","6155875","2022-07-12","2022","07","12","","27.1","","15.6","","21.4","","0.0","","3.4","","","","","","1.0","","","","27","","50",""
"-78.88","43.92","OSHAWA","6155875","2022-07-13","2022","07","13","","","M","","M","","M","","M","","M","","","","","","M","","","","M","","M"
"-78.88","43.92","OSHAWA","6155875","2022-07-14","2022","07","14","","26.4","","12.5","","19.5","","0.0","","1.5","","","","","","0.0","","","","2","","42",""
"-78.88","43.92","OSHAWA","6155875","2022-07-15","2022","07","15","","25.8","","13.3","","19.6","","0.0","","1.6","","","","","","0.0","","","","","M","","M"
"-78.88","43.92","OSHAWA","6155875","2022-07-16","2022","07","16","","28.5","","14.4","","21.5","","0.0","","3.5","","","","","","0.0","","","","","M","","M"
"-78.88","43.92","OSHAWA","6155875","2022-07-17","2022","07","17","","28.2","","13.8","","21.0","","0.0","","3.0","","","","","","0.0","","","","","M","","M"
"-78.88","43.92","OSHAWA","6155875","2022-07-18","2022","07","18","","25.5","","16.7","","21.1","","0.0","","3.1","","","","","","30.8","","","","30","","74",""
"-78.88","43.92","OSHAWA","6155875","2022-07-19","2022","07","19","","33.3","","15.0","","24.2","","0.0","","6.2","","","","","","0.0","","","","31","","32",""
"-78.88","43.92","OSHAWA","6155875","2022-07-20","2022","07","20","","30.3","","21.9","","26.1","","0.0","","8.1","","","","","","0.0","","","","20","","50",""
"-78.88","43.92","OSHAWA","6155875","2022-07-21","2022","07","21","","30.0","","20.3","","25.2","","0.0","","7.2","","","","","","0.0","","","","27","","63",""
"-78.88","43.92","OSHAWA","6155875","2022-07-22","2022","07","22","","28.5","","16.1","","22.3","","0.0","","4.3","","","","","","0.0","","","","","M","","M"
"-78.88","43.92","OSHAWA","6155875","2022-07-23","2022","07","23","","29.3","","17.0","","23.2","","0.0","","5.2","","","","","","0.0","","","","20","","46",""
"-78.88","43.92","OSHAWA","6155875","2022-07-24","2022","07","24","","27.6","","19.3","","23.5","","0.0","","5.5","","","","","","27.7","","","","11","","58",""
"-78.88","43.92","OSHAWA","6155875","2022-07-25","2022","07","25","","23.6","","14.1","","18.9","","0.0","","0.9","","","","","","0.0","","","","29","","48",""
"-78.88","43.92","OSHAWA","6155875","2022-07-26","2022","07","26","","23.9","","12.9","","18.4","","0.0","","0.4","","","","","","0.0","","","","","M","","M"
"-78.88","43.92","OSHAWA","6155875","2022-07-27","2022","07","27","","26.1","","14.5","","20.3","","0.0","","2.3","","","","","","0.0","","","","","M","","M"
"-78.88","43.92","OSHAWA","6155875","2022-07-28","2022","07","28","","28.7","","17.7","","23.2","","0.0","","5.2","","","","","","0.0","","","","26","","55",""
"-78.88","43.92","OSHAWA","6155875","2022-07-29","2022","07","29","","26.9","","13.9","","20.4","","0.0","","2.4","","","","","","0.0","","","","24","","35",""
"-78.88","43.92","OSHAWA","6155875","2022-07-30","2022","07","30","","25.3","","14.3","","19.8","","0.0","","1.8","","","","","","0.0","","","","28","","41",""
"-78.88","43.92","OSHAWA","6155875","2022-07-31","2022","07","31","","27.0","","13.1","","20.1","","0.0","","2.1","","","","","","0.0","","","","19","","32",""
"-78.88","43.92","OSHAWA","6155875","2022-08-01","2022","08","01","","27.2","","14.0","","20.6","","0.0","","2.6","","","","","","0.0","","","","22","","45",""
"-78.88","43.92","OSHAWA","6155875","2022-08-02","2022","08","02","","25.4","","15.0","","20.2","","0.0","","2.2","","","","","","0.0","","","","33","","35",""
"-78.88","43.92","OSHAWA","6155875","2022-08-03","2022","08","03","","26.7","","12.6","","19.7","","0.0","","1.7","","","","","","0.0","","","","17","","37",""
"-78.88","43.92","OSHAWA","6155875","2022-08-04","2022","08","04","","28.1","","20.4","","24.3","","0.0","","6.3","","","","","","0.2","","","","9","","46",""
"-78.88","43.92","OSHAWA","6155875","2022-08-05","2022","08","05","","29.2","","18.8","","24.0","","0.0","","6.0","","","","","","0.0","","","","9","","37",""
"-78.88","43.92","OSHAWA","6155875","2022-08-06","2022","08","06","","30.6","","18.2","","24.4","","0.0","","6.4","","","","","","0.0","","","","19","","35",""
"-78.88","43.92","OSHAWA","6155875","2022-08-07","2022","08","07","","29.6","","21.1","","25.4","","0.0","","7.4","","","","","","0.0","","","","22","","45",""
"-78.88","43.92","OSHAWA","6155875","2022-08-08","2022","08","08","","28.7","","19.5","","24.1","","0.0","","6.1","","","","","","0.2","","","","21","","52",""
"-78.88","43.92","OSHAWA","6155875","2022-08-09","2022","08","09","","21.9","","14.0","","18.0","","0.0","","0.0","","","","","","0.0","","","","35","","42",""
"-78.88","43.92","OSHAWA","6155875","2022-08-10","2022","08","10","","24.6","","13.7","","19.2","","0.0","","1.2","","","","","","0.0","","","","","M","","M"
"-78.88","43.92","OSHAWA","6155875","2022-08-11","2022","08","11","","25.7","","13.3","","19.5","","0.0","","1.5","","","","","","0.0","","","","30","","45",""
"-78.88","43.92","OSHAWA","6155875","2022-08-12","2022","08","12","","25.3","","10.1","","17.7","","0.3","","0.0","","","","","","0.0","","","","33","","37",""
"-78.88","43.92","OSHAWA","6155875","2022-08-13","2022","08","13","","24.8","","11.8","","18.3","","0.0","","0.3","","","","","","0.0","","","","","M","","M"
"-78.88","43.92","OSHAWA","6155875","2022-08-14","2022","08","14","","25.9","","10.9","","18.4","","0.0","","0.4","","","","","","0.0","","","","16","","35",""
"-78.88","43.92","OSHAWA","6155875","2022-08-15","2022","08","15","","28.0","","13.3","","20.7","","0.0","","2.7","","","","","","0.0","","","","9","","35",""
"-78.88","43.92","OSHAWA","6155875","2022-08-16","2022","08","16","","27.9","","16.3","","22.1","","0.0","","4.1","","","","","","0.7","","","","","M","","M"
"-78.88","43.92","OSHAWA","6155875","2022-08-17","2022","08","17","","27.0","","14.5","","20.8","","0.0","","2.8","","","","","","7.8","","","","35","","50",""
"-78.88","43.92","OSHAWA","6155875","2022-08-18","2022","08","18","","28.1","","14.1","","21.1","","0.0","","3.1","","","","","","0.2","","","","13","","35",""
"-78.88","43.92","OSHAWA","6155875","2022-08-19","2022","08","19","","26.9","","14.0","","20.5","","0.0","","2.5","","","","","","0.0","","","","22","","33",""
"-78.88","43.92","OSHAWA","6155875","2022-08-20","2022","08","20","","29.4","","15.1","","22.3","","0.0","","4.3","","","","","","0.0","","","","","M","","M"
"-78.88","43.92","OSHAWA","6155875","2022-08-21","2022","08","21","","25.4","","19.0","","22.2","","0.0","","4.2","","","","","","10.2","","","","","M","","M"
"-78.88","43.92","OSHAWA","6155875","2022-08-22","2022","08","22","","25.1","","19.0","","22.1","","0.0","","4.1","","","","","","10.6","","","","","M","","M"
"-78.88","43.92","OSHAWA","6155875","2022-08-23","2022","08","23","","28.8","","17.6","","23.2","","0.0","","5.2","","","","","","0.4","","","","8","","58",""
"-78.88","43.92","OSHAWA","6155875","2022-08-24","2022","08","24","","27.8","","14.6","","21.2","","0.0","","3.2","","","","","","0.0","","","","","M","","M"
"-78.88","43.92","OSHAWA","6155875","2022-08-25","2022","08","25","","24.6","","16.0","","20.3","","0.0","","2.3","","","","","","1.7","","","","","M","","M"
"-78.88","43.92","OSHAWA","6155875","2022-08-26","2022","08","26","","26.4","","13.9","","20.2","","0.0","","2.2","","","","","","0.0","","","","33","","48",""
"-78.88","43.92","OSHAWA","6155875","2022-08-27","2022","08","27","","23.3","","10.1","","16.7","","1.3","","0.0","","","","","","0.0","","","","","M","","M"
"-78.88","43.92","OSHAWA","6155875","2022-08-28","2022","08","28","","27.6","","12.4","","20.0","","0.0","","2.0","","","","","","0.0","","","","","M","","M"
"-78.88","43.92","OSHAWA","6155875","2022-08-29","2022","08","29","","29.4","","16.8","","23.1","","0.0","","5.1","","","","","","0.0","","","","19","","52",""
"-78.88","43.92","OSHAWA","6155875","2022-08-30","2022","08","30","","23.7","","16.5","","20.1","","0.0","","2.1","","","","","","3.9","","","","32","","39",""
"-78.88","43.92","OSHAWA","6155875","2022-08-31","2022","08","31","","25.4","","12.6","","19.0","","0.0","","1.0","","","","","","1.5","","","","28","","84",""
"-78.88","43.92","OSHAWA","6155875","2022-09-01","2022","09","01","","21.2","","8.0","","14.6","","3.4","","0.0","","","","","","0.0","","","","33","","41",""
"-78.88","43.92","OSHAWA","6155875","2022-09-02","2022","09","02","","25.9","","11.6","","18.8","","0.0","","0.8","","","","","","0.0","","","","","M","","M"
"-78.88","43.92","OSHAWA","6155875","2022-09-03","2022","09","03","","28.0","","14.8","","21.4","","0.0","","3.4","","","","","","0.0","","","","","M","","M"
"-78.88","43.92","OSHAWA","6155875","2022-09-04","2022","09","04","","21.5","","15.2","","18.4","","0.0","","0.4","","","","","","0.0","","","","3","","33",""
"-78.88","43.92","OSHAWA","6155875","2022-09-05","2022","09","05","","22.2","","15.5","","18.9","","0.0","","0.9","","","","","","0.0","","","","","M","","M"
"-78.88","43.92","OSHAWA","6155875","2022-09-06","2022","09","06","","24.4","","13.1","","18.8","","0.0","","0.8","","","","","","0.0","","","","36","","35",""
"-78.88","43.92","OSHAWA","6155875","2022-09-07","2022","09","07","","23.7","","13.9","","18.8","","0.0","","0.8","","","","","","0.0","","","","","M","","M"
"-78.88","43.92","OSHAWA","6155875","2022-09-08","2022","09","08","","26.0","","12.9","","19.5","","0.0","","1.5","","","","","","0.0","","","","","M","","M"
"-78.88","43.92","OSHAWA","6155875","2022-09-09","2022","09","09","","25.7","","11.8","","18.8","","0.0","","0.8","","","","","","0.0","","","","","M","","M"
"-78.88","43.92","OSHAWA","6155875","2022-09-10","2022","09","10","","25.4","","15.3","","20.4","","0.0","","2.4","","","","","","0.0","","","","","M","","M"
"-78.88","43.92","OSHAWA","6155875","2022-09-11","2022","09","11","","23.3","","15.8","","19.6","","0.0","","1.6","","","","","","3.0","","","","","M","","M"
"-78.88","43.92","OSHAWA","6155875","2022-09-12","2022","09","12","","22.1","","14.3","","18.2","","0.0","","0.2","","","","","","2.3","","","","11","","32",""
"-78.88","43.92","OSHAWA","6155875","2022-09-13","2022","09","13","","22.4","","11.9","","17.2","","0.8","","0.0","","","","","","3.5","","","","26","","32",""
"-78.88","43.92","OSHAWA","6155875","2022-09-14","2022","09","14","","24.9","","8.9","","16.9","","1.1","","0.0","","","","","","0.0","","","","31","","52",""
"-78.88","43.92","OSHAWA","6155875","2022-09-15","2022","09","15","","19.0","","6.9","","13.0","","5.0","","0.0","","","","","","0.0","","","","16","","37",""
"-78.88","43.92","OSHAWA","6155875","2022-09-16","2022","09","16","","18.3","","7.5","","12.9","","5.1","","0.0","","","","","","0.0","","","","","M","","M"
"-78.88","43.92","OSHAWA","6155875","2022-09-17","2022","09","17","","23.0","","13.9","","18.5","","0.0","","0.5","","","","","","0.0","","","","","M","","M"
"-78.88","43.92","OSHAWA","6155875","2022-09-18","2022","09","18","","24.8","","15.1","","20.0","","0.0","","2.0","","","","","","0.5","","","","19","","32",""
"-78.88","43.92","OSHAWA","6155875","2022-09-19","2022","09","19","","26.3","","15.0","","20.7","","0.0","","2.7","","","","","","0.2","","","","18","","39",""
"-78.88","43.92","OSHAWA","6155875","2022-09-20","2022","09","20","","24.0","","12.7","","18.4","","0.0","","0.4","","","","","","0.0","","","","31","","39",""
"-78.88","43.92","OSHAWA","6155875","2022-09-21","2022","09","21","","28.3","","11.6","","20.0","","0.0","","2.0","","","","","","0.0","","","","32","","55",""
"-78.88","43.92","OSHAWA","6155875","2022-09-22","2022","09","22","","17.5","","6.3","","11.9","","6.1","","0.0","","","","","","0.0","","","","33","","54",""
"-78.88","43.92","OSHAWA","6155875","2022-09-23","2022","09","23","","15.5","","4.2","","9.9","","8.1","","0.0","","","","","","0.0","","","","33","","45",""
"-78.88","43.92","OSHAWA","6155875","2022-09-24","2022","09","24","","17.1","","4.0","","10.6","","7.4","","0.0","","","","","","0.0","","","","","M","","M"
"-78.88","43.92","OSHAWA","6155875","2022-09-25","2022","09","25","","17.1","","12.6","","14.9","","3.1","","0.0","","","","","","14.4","","","","","M","","M"
"-78.88","43.92","OSHAWA","6155875","2022-09-26","2022","09","26","","16.6","","11.0","","13.8","","4.2","","0.0","","","","","","2.2","","","","22","","45",""
"-78.88","43.92","OSHAWA","6155875","2022-09-27","2022","09","27","","16.8","","11.5","","14.2","","3.8","","0.0","","","","","","8.4","","","","","M","","M"
"-78.88","43.92","OSHAWA","6155875","2022-09-28","2022","09","28","","14.8","","6.8","","10.8","","7.2","","0.0","","","","","","0.0","","","","35","","33",""
"-78.88","43.92","OSHAWA","6155875","2022-09-29","2022","09","29","","15.7","","1.6","","8.7","","9.3","","0.0","","","","","","0.0","","","","","M","","M"
"-78.88","43.92","OSHAWA","6155875","2022-09-30","2022","09","30","","16.4","","2.8","","9.6","","8.4","","0.0","","","","","","0.0","","","","","M","","M"
"-78.88","43.92","OSHAWA","6155875","2022-10-01","2022","10","01","","20.3","","5.4","","12.9","","5.1","","0.0","","","","","","0.0","","","","2","","41",""
"-78.88","43.92","OSHAWA","6155875","2022-10-02","2022","10","02","","15.7","","0.4","","8.1","","9.9","","0.0","","","","","","0.0","","","","2","","41",""
"-78.88","43.92","OSHAWA","6155875","2022-10-03","2022","10","03","","15.5","","0.0","","7.8","","10.2","","0.0","","","","","","0.0","","","","","M","","M"
"-78.88","43.92","OSHAWA","6155875","2022-10-04","2022","10","04","","19.2","","3.1","","11.2","","6.8","","0.0","","","","","","0.0","","","","","M","","M"
"-78.88","43.92","OSHAWA","6155875","2022-10-05","2022","10","05","","21.2","","5.4","","13.3","","4.7","","0.0","","","","","","0.0","","","","","M","","M"
"-78.88","43.92","OSHAWA","6155875","2022-10-06","2022","10","06","","21.0","","9.2","","15.1","","2.9","","0.0","","","","","","0.0","","","","","M","","M"
"-78.88","43.92","OSHAWA","6155875","2022-10-07","2022","10","07","","15.6","","3.2","","9.4","","8.6","","0.0","","","","","","0.7","","","","30","","46",""
"-78.88","43.92","OSHAWA","6155875","2022-10-08","2022","10","08","","11.0","","1.6","","6.3","","11.7","","0.0","","","","","","0.0","","","","25","","39",""
"-78.88","43.92","OSHAWA","6155875","2022-10-09","2022","10","09","","14.4","","5.8","","10.1","","7.9","","0.0","","","","","","0.0","","","","","M","","M"
"-78.88","43.92","OSHAWA","6155875","2022-10-10","2022","10","10","","13.8","","1.6","","7.7","","10.3","","0.0","","","","","","0.0","","","","","M","","M"
"-78.88","43.92","OSHAWA","6155875","2022-10-11","2022","10","11","","19.5","","0.5","","10.0","","8.0","","0.0","","","","","","0.0","","","","","M","","M"
"-78.88","43.92","OSHAWA","6155875","2022-10-12","2022","10","12","","18.3","","7.2","","12.8","","5.2","","0.0","","","","","","1.5","","","","13","","32",""
"-78.88","43.92","OSHAWA","6155875","2022-10-13","2022","10","13","","14.9","","2.4","","8.7","","9.3","","0.0","","","","","","20.0","","","","23","","41",""
"-78.88","43.92","OSHAWA","6155875","2022-10-14","2022","10","14","","12.4","","3.1","","7.8","","10.2","","0.0","","","","","","4.8","","","","24","","33",""
"-78.88","43.92","OSHAWA","6155875","2022-10-15","2022","10","15","","14.6","","3.7","","9.2","","8.8","","0.0","","","","","","0.5","","","","25","","67",""
"-78.88","43.92","OSHAWA","6155875","2022-10-16","2022","10","16","","14.1","","1.8","","8.0","","10.0","","0.0","","","","","","0.0","","","","20","","39",""
"-78.88","43.92","OSHAWA","6155875","2022-10-17","2022","10","17","","9.8","","4.2","","7.0","","11.0","","0.0","","","","","","1.4","","","","20","","45",""
"-78.88","43.92","OSHAWA","6155875","2022-10-18","2022","10","18","","8.9","","3.6","","6.3","","11.7","","0.0","","","","","","5.2","","","","21","","45",""
"-78.88","43.92","OSHAWA","6155875","2022-10-19","2022","10","19","","","M","","M","","M","","M","","M","","","","","","M","","","","M","","M"
"-78.88","43.92","OSHAWA","6155875","2022-10-20","2022","10","20","","7.3","","-2.7","","2.3","","15.7","","0.0","","","","","","0.0","","","","22","","41",""
"-78.88","43.92","OSHAWA","6155875","2022-10-21","2022","10","21","","14.8","","-2.7","","6.1","","11.9","","0.0","","","","","","0.0","","","","18","","32",""
"-78.88","43.92","OSHAWA","6155875","2022-10-22","2022","10","22","","18.5","","3.2","","10.9","","7.1","","0.0","","","","","","0.0","","","","","M","","M"
"-78.88","43.92","OSHAWA","6155875","2022-10-23","2022","10","23","","19.9","","3.2","","11.6","","6.4","","0.0","","","","","","0.0","","","","","M","","M"
"-78.88","43.92","OSHAWA","6155875","2022-10-24","2022","10","24","","19.5","","3.4","","11.5","","6.5","","0.0","","","","","","0.0","","","","","M","","M"
"-78.88","43.92","OSHAWA","6155875","2022-10-25","2022","10","25","","20.3","","11.0","","15.7","","2.3","","0.0","","","","","","0.0","","","","","M","","M"
"-78.88","43.92","OSHAWA","6155875","2022-10-26","2022","10","26","","15.1","","7.0","","11.1","","6.9","","0.0","","","","","","11.3","","","","29","","58",""
"-78.88","43.92","OSHAWA","6155875","2022-10-27","2022","10","27","","10.2","","0.2","","5.2","","12.8","","0.0","","","","","","0.0","","","","33","","41",""
"-78.88","43.92","OSHAWA","6155875","2022-10-28","2022","10","28","","10.4","","-1.0","","4.7","","13.3","","0.0","","","","","","0.0","","","","11","","33",""
"-78.88","43.92","OSHAWA","6155875","2022-10-29","2022","10","29","","14.4","","-1.5","","6.5","","11.5","","0.0","","","","","","0.0","","","","","M","","M"
"-78.88","43.92","OSHAWA","6155875","2022-10-30","2022","10","30","","14.2","","-2.0","","6.1","","11.9","","0.0","","","","","","0.0","","","","","M","","M"
"-78.88","43.92","OSHAWA","6155875","2022-10-31","2022","10","31","","12.9","","3.0","","8.0","","10.0","","0.0","","","","","","4.8","","","","","M","","M"
"-78.88","43.92","OSHAWA","6155875","2022-11-01","2022","11","01","","18.8","","5.4","","12.1","","5.9","","0.0","","","","","","0.2","","","","","M","","M"
"-78.88","43.92","OSHAWA","6155875","2022-11-02","2022","11","02","","13.0","","2.8","","7.9","","10.1","","0.0","","","","","","0.2","","","","","M","","M"
"-78.88","43.92","OSHAWA","6155875","2022-11-03","2022","11","03","","9.1","","7.1","","8.1","","9.9","","0.0","","","","","","0.2","","","","","M","","M"
"-78.88","43.92","OSHAWA","6155875","2022-11-04","2022","11","04","","18.0","","3.3","","10.7","","7.3","","0.0","","","","","","0.2","","","","9","","68",""
"-78.88","43.92","OSHAWA","6155875","2022-11-05","2022","11","05","","23.0","","6.7","","14.9","","3.1","","0.0","","","","","","1.0","","","","22","","48",""
"-78.88","43.92","OSHAWA","6155875","2022-11-06","2022","11","06","","16.5","","10.3","","13.4","","4.6","","0.0","","","","","","0.0","","","","23","","35",""
"-78.88","43.92","OSHAWA","6155875","2022-11-07","2022","11","07","","13.2","","2.4","","7.8","","10.2","","0.0","","","","","","0.0","","","","27","","54",""
"-78.88","43.92","OSHAWA","6155875","2022-11-08","2022","11","08","","8.9","","-1.7","","3.6","","14.4","","0.0","","","","","","0.0","","","","2","","32",""
"-78.88","43.92","OSHAWA","6155875","2022-11-09","2022","11","09","","10.9","","-0.6","","5.2","","12.8","","0.0","","","","","","0.0","","","","11","","35",""
"-78.88","43.92","OSHAWA","6155875","2022-11-10","2022","11","10","","17.2","","1.2","","9.2","","8.8","","0.0","","","","","","0.0","","","","21","","48",""
"-78.88","43.92","OSHAWA","6155875","2022-11-11","2022","11","11","","14.3","","3.9","","9.1","","8.9","","0.0","","","","","","7.8","","","","32","","39",""
"-78.88","43.92","OSHAWA","6155875","2022-11-12","2022","11","12","","11.2","","3.2","","7.2","","10.8","","0.0","","","","","","0.0","","","","30","","42",""
"-78.88","43.92","OSHAWA","6155875","2022-11-13","2022","11","13","","3.3","","-1.6","","0.9","","17.1","","0.0","","","","","","0.0","","","","31","","37",""
"-78.88","43.92","OSHAWA","6155875","2022-11-14","2022","11","14","","3.7","","-4.9","","-0.6","","18.6","","0.0","","","","","","0.0","","","","","M","","M"
"-78.88","43.92","OSHAWA","6155875","2022-11-15","2022","11","15","","1.2","","-5.4","","-2.1","","20.1","","0.0","","","","","","0.0","","","","7","","42",""
"-78.88","43.92","OSHAWA","6155875","2022-11-16","2022","11","16","","1.2","","-2.0","","-0.4","","18.4","","0.0","","","","","","1.0","","","","6","","33",""
"-78.88","43.92","OSHAWA","6155875","2022-11-17","2022","11","17","","0.9","","-4.0","","-1.6","","19.6","","0.0","","","","","","0.0","","","","28","","50",""
"-78.88","43.92","OSHAWA","6155875","2022-11-18","2022","11","18","","2.4","","-3.0","","-0.3","","18.3","","0.0","","","","","","0.2","","","","26","","50",""
"-78.88","43.92","OSHAWA","6155875","2022-11-19","2022","11","19","","-0.5","","-5.6","","-3.1","","21.1","","0.0","","","","","","0.0","","","","21","","48",""
"-78.88","43.92","OSHAWA","6155875","2022-11-20","2022","11","20","","-2.0","","-5.8","","-3.9","","21.9","","0.0","","","","","","0.0","","","","26","","63",""
"-78.88","43.92","OSHAWA","6155875","2022-11-21","2022","11","21","","7.0","","-7.7","","-0.4","","18.4","","0.0","","","","","","0.0","","","","21","","76",""
"-78.88","43.92","OSHAWA","6155875","2022-11-22","2022","11","22","","4.7","","-6.0","","-0.7","","18.7","","0.0","","","","","","0.0","","","","","M","","M"
"-78.88","43.92","OSHAWA","6155875","2022-11-23","2022","11","23","","7.4","","-4.2","","1.6","","16.4","","0.0","","","","","","0.0","","","","","M","","M"
"-78.88","43.92","OSHAWA","6155875","2022-11-24","2022","11","24","","8.3","","-4.2","","2.1","","15.9","","0.0","","","","","","0.0","","","","","M","","M"
"-78.88","43.92","OSHAWA","6155875","2022-11-25","2022","11","25","","7.2","","2.1","","4.7","","13.3","","0.0","","","","","","1.0","","","","30","","61",""
"-78.88","43.92","OSHAWA","6155875","2022-11-26","2022","11","26","","10.1","","-3.9","","3.1","","14.9","","0.0","","","","","","0.0","","","","22","","46",""
"-78.88","43.92","OSHAWA","6155875","2022-11-27","2022","11","27","","5.5","","-2.2","","1.7","","16.3","","0.0","","","","","","3.4","","","","36","","41",""
"-78.88","43.92","OSHAWA","6155875","2022-11-28","2022","11","28","","3.3","","-1.7","","0.8","","17.2","","0.0","","","","","","0.0","","","","33","","41",""
"-78.88","43.92","OSHAWA","6155875","2022-11-29","2022","11","29","","5.7","","-0.9","","2.4","","15.6","","0.0","","","","","","0.0","","","","12","","48",""
"-78.88","43.92","OSHAWA","6155875","2022-11-30","2022","11","30","","7.2","","-1.2","","3.0","","15.0","","0.0","","","","","","26.8","","","","27","","65",""
"-78.88","43.92","OSHAWA","6155875","2022-12-01","2022","12","01","","2.3","","-4.0","","-0.9","","18.9","","0.0","","","","","","0.0","","","","28","","52",""
"-78.88","43.92","OSHAWA","6155875","2022-12-02","2022","12","02","","5.7","","-5.0","","0.4","","17.6","","0.0","","","","","","1.3","","","","17","","35",""
"-78.88","43.92","OSHAWA","6155875","2022-12-03","2022","12","03","","9.2","","-0.4","","4.4","","13.6","","0.0","","","","","","5.2","","","","29","","76",""
"-78.88","43.92","OSHAWA","6155875","2022-12-04","2022","12","04","","1.4","","-3.0","","-0.8","","18.8","","0.0","","","","","","0.0","","","","20","","42",""
"-78.88","43.92","OSHAWA","6155875","2022-12-05","2022","12","05","","4.8","","-1.0","","1.9","","16.1","","0.0","","","","","","0.0","","","","21","","52",""
"-78.88","43.92","OSHAWA","6155875","2022-12-06","2022","12","06","","6.0","","3.5","","4.8","","13.2","","0.0","","","","","","0.5","","","","","M","","M"
"-78.88","43.92","OSHAWA","6155875","2022-12-07","2022","12","07","","7.2","","3.9","","5.6","","12.4","","0.0","","","","","","","M","","","","M","","M"
"-78.88","43.92","OSHAWA","6155875","2022-12-08","2022","12","08","","5.4","","-1.6","","1.9","","16.1","","0.0","","","","","","","M","","","33","","33",""
"-78.88","43.92","OSHAWA","6155875","2022-12-09","2022","12","09","","0.1","","-5.2","","-2.6","","20.6","","0.0","","","","","","","M","","","","M","","M"
"-78.88","43.92","OSHAWA","6155875","2022-12-10","2022","12","10","","-0.4","","-8.6","","-4.5","","22.5","","0.0","","","","","","","M","","","","M","","M"
"-78.88","43.92","OSHAWA","6155875","2022-12-11","2022","12","11","","-1.6","","-4.0","","-2.8","","20.8","","0.0","","","","","","","M","","","","M","","M"
"-78.88","43.92","OSHAWA","6155875","2022-12-12","2022","12","12","","-2.3","","-12.8","","-7.6","","25.6","","0.0","","","","","","","M","","","","M","","M"
"-78.88","43.92","OSHAWA","6155875","2022-12-13","2022","12","13","","-1.4","","-13.0","","-7.2","","25.2","","0.0","","","","","","","M","","","","M","","M"
"-78.88","43.92","OSHAWA","6155875","2022-12-14","2022","12","14","","-2.7","","-12.5","","-7.6","","25.6","","0.0","","","","","","","M","","","","M","","M"
"-78.88","43.92","OSHAWA","6155875","2022-12-15","2022","12","15","","2.5","","-3.5","","-0.5","","18.5","","0.0","","","","","","","M","","","11","","68",""
"-78.88","43.92","OSHAWA","6155875","2022-12-16","2022","12","16","","1.8","","-3.1","","-0.7","","18.7","","0.0","","","","","","","M","","","11","","32",""
"-78.88","43.92","OSHAWA","6155875","2022-12-17","2022","12","17","","1.1","","-5.7","","-2.3","","20.3","","0.0","","","","","","","M","","","","M","","M"
"-78.88","43.92","OSHAWA","6155875","2022-12-18","2022","12","18","","0.6","","-5.9","","-2.7","","20.7","","0.0","","","","","","","M","","","26","","42",""
"-78.88","43.92","OSHAWA","6155875","2022-12-19","2022","12","19","","1.0","","-4.0","","-1.5","","19.5","","0.0","","","","","","","M","","","29","","46",""
"-78.88","43.92","OSHAWA","6155875","2022-12-20","2022","12","20","","-0.4","","-4.8","","-2.6","","20.6","","0.0","","","","","","","M","","","","M","","M"
"-78.88","43.92","OSHAWA","6155875","2022-12-21","2022","12","21","","-0.6","","-9.3","","-5.0","","23.0","","0.0","","","","","","","M","","","","M","","M"
"-78.88","43.92","OSHAWA","6155875","2022-12-22","2022","12","22","","3.7","","-4.2","","-0.3","","18.3","","0.0","","","","","","","M","","","9","","55",""
"-78.88","43.92","OSHAWA","6155875","2022-12-23","2022","12","23","","3.5","","-13.1","","-4.8","","22.8","","0.0","","","","","","","M","","","25","","78",""
"-78.88","43.92","OSHAWA","6155875","2022-12-24","2022","12","24","","-7.9","","-14.4","","-11.2","","29.2","","0.0","","","","","","","M","","","25","","68",""
"-78.88","43.92","OSHAWA","6155875","2022-12-25","2022","12","25","","-3.9","","-8.4","","-6.2","","24.2","","0.0","","","","","","","M","","","27","","63",""
"-78.88","43.92","OSHAWA","6155875","2022-12-26","2022","12","26","","-4.5","","-8.8","","-6.7","","24.7","","0.0","","","","","","","M","","","26","","41",""
"-78.88","43.92","OSHAWA","6155875","2022-12-27","2022","12","27","","-0.4","","-5.9","","-3.2","","21.2","","0.0","","","","","","","M","","","23","","39",""
"-78.88","43.92","OSHAWA","6155875","2022-12-28","2022","12","28","","3.6","","-0.4","","1.6","","16.4","","0.0","","","","","","","M","","","21","","48",""
"-78.88","43.92","OSHAWA","6155875","2022-12-29","2022","12","29","","7.7","","-4.0","","1.9","","16.1","","0.0","","","","","","","M","","","24","","41",""
"-78.88","43.92","OSHAWA","6155875","2022-12-30","2022","12","30","","10.1","","5.3","","7.7","","10.3","","0.0","","","","","","","M","","","","M","","M"
"-78.88","43.92","OSHAWA","6155875","2022-12-31","2022","12","31","","8.3","","1.3","","4.8","","13.2","","0.0","","","","","","","M","","","32","","33",""
